search_term,clicks,impressions
kids book gurmukhi,191,1805
formal gown,54,542
formal gown,103,585
charcoal toothpaste sale,208,1494
sequin party dress,244,3463
best oral care brand india,220,3112
short prom dress,125,4437
local packers near me,264,1482
home relocation service,278,1844
sequin party dress 2026,468,3812
black friday domain deal,466,3127
kurta pajama,68,1290
best oral care brand india,10,944
short prom dress,6,148
cocktail dress online,403,3677
plus size formal dress,272,2024
home relocation service,191,4441
local packers near me,108,1167
sikh story book cheap,288,4739
prom dress under 5000,122,2646
best oral care brand india cheap,187,4290
sikh story book best,773,4866
mens sherwani,359,3519
formal gown,447,3142
packers movers bangalore,104,3364
home relocation service best,183,3899
kurta pajama,175,1202
formal gown,351,3432
bridesmaid dress,85,2108
long sleeve prom dress sale,64,3059
red carpet gown,22,442
short prom dress,54,343
punjabi suit,636,4833
black friday domain deal near me,159,2747
prom dress near me,133,981
sequin party dress,254,2007
plus size formal dress near me,278,4542
sikh story book,520,4391
sikh story book best,354,4093
punjabi children book,534,3866
packers movers bangalore,182,3056
formal gown,246,1832
prom dress best,624,4764
sikh story book 2026,136,1904
gurmukhi alphabet book best,139,2785
gurmukhi alphabet book,345,4038
red carpet gown,41,1406
black friday domain deal,795,4461
formal gown,107,628
short prom dress online,98,3398
long sleeve prom dress cheap,8,1257
mouthwash alcohol free,58,515
short prom dress,478,3978
prom dress best,23,3389
mouthwash alcohol free,776,4408
prom dress,518,3547
mens sherwani online,134,4315
punjabi suit,308,2087
kids book gurmukhi,46,667
home relocation service,358,2012
kurta pajama review,81,680
local packers near me,5,279
home relocation service,58,3919
prom dress,64,697
oral care kit,284,2733
local packers near me,720,4346
kurta pajama review,411,4663
formal gown,376,2316
buy domain name cheap,249,1489
packers movers bangalore near me,145,4828
gurmukhi alphabet book,549,3282
sikh story book near me,704,4662
home relocation service,280,4448
sequin party dress,61,662
movers and packers mumbai sale,291,1921
packers movers bangalore,364,4899
sequin party dress,321,2259
teeth whitening kit,298,2934
home relocation service,581,4819
cocktail dress,352,2439
plus size formal dress 2026,91,1283
punjabi children book,194,3211
evening wear 2026,249,3663
kids book gurmukhi online,125,1555
black friday domain deal,77,3362
cocktail dress,85,782
punjabi children book,22,3175
oral care kit,94,713
black friday domain deal,211,2008
mens sherwani,41,1408
sikh story book near me,18,538
kids book gurmukhi,565,3986
movers and packers mumbai near me,444,4081
punjabi suit,65,1129
home relocation service,456,3132
packers movers bangalore,523,3547
local packers near me,140,4889
packers movers bangalore,147,1665
mens sherwani,147,2634
plus size formal dress,671,4737
packers movers bangalore,223,3238
buy domain name cheap best,185,1493
black friday domain deal cheap,646,3801
punjabi suit,362,2406
cocktail dress,413,3371
bridesmaid dress,98,2002
bridesmaid dress,55,3108
prom dress under 5000,325,3303
local packers near me,51,4473
movers and packers mumbai,481,4418
cocktail dress near me,99,2928
prom dress under 5000 cheap,573,3293
packers movers bangalore,83,3546
evening wear best,438,4269
plus size formal dress,258,3671
teeth whitening kit,609,4841
bridesmaid dress,19,221
sikh story book,18,723
red carpet gown 2026,239,2830
punjabi suit,253,2873
